{"loss": 0.250277578830719, "_timestamp": 1680354903.6760857, "_runtime": 29.830849647521973, "_step": 150}