{"loss": 0.4621232748031616, "_timestamp": 1680354276.167503, "_runtime": 5.155710220336914, "_step": 0}