{"loss": 0.15648001432418823, "_timestamp": 1680354389.0208342, "_runtime": 90.83399820327759, "_step": 461}