{"loss": 0.22207175195217133, "_timestamp": 1680354479.8039908, "_runtime": 30.08866286277771, "_step": 150}