{"loss": 0.20339615643024445, "_timestamp": 1680355186.9873526, "_runtime": 261.1595335006714, "_step": 211}