{"loss": 0.21855878829956055, "_timestamp": 1680355281.8676503, "_runtime": 65.01620221138, "_step": 159}